{"q+DBL6Ip/DUrNNhuYzaAOQ==":"mbr.jpg","gsjYRdHRUVZKKoL5D2DVIg==":"mbr.jpeg","Jvd/Hv+E6dzGxsxf1OSMGw==":"mbr-1.jpg","Rkh6VN1geuklqasa+Hps8w==":"mbr-2.jpg","OgtCKla7ZhzAplY/dXMFRQ==":"mbr-3.jpg","7cAX25vTViPzsEpxKtfgnw==":"mbr-4.jpg","Bzg68IuBcRh9sFO8XLZmEQ==":"mbr-5.jpg","3L8x5ialuZVROWzapuz4nA==":"mbr-6.jpg","5Yxz1Ro3xgEvJK27QZYsvA==":"mbr-1.jpeg","orRrDp0O7uYYPUWXMASTrg==":"mbr-2.jpeg","hNnJ/ah4jJ+gnKLIjKCM+Q==":"mbr-3.jpeg","8lvp9ISHPOav0iH8GHzE5A==":"mbr-596x397.jpg","Om1kpIrI2jJOOewASZHpNw==":"foregroundimage.jpg","y2lPQ9p1GxDmzLtZ4X5WzQ==":"helpapaw-logo.png","+Tl9mCo/4alOLlsJUn+H8w==":"help+a+paw+-+logo-318x327.png","STTEW7cjvjgpFob5Vzm43Q==":"help+a+paw+-+logo-96x99.png","l6P656xHrCAAK0Gu0JVOQw==":"screenshot-2-596x1022.jpg","X/YOxWU4etXWpyKWHo9FTg==":"screenshot-4-596x1022.jpg","oydaGW/wTcaUkaEM/YvNiA==":"screenshot-3-596x1022.jpg","erMt4lG2BN4FRZsbiOSnpA==":"screenshot-1-596x1022.jpg","rYgQS6gWopbqYZua/WA8lw==":"milen-160x160.jpg","lZc3nTDfCIanPx4q5Y8V5w==":"street%20dog-800x800.jpg","6/0+yj7QyHHM08EqPfjKSg==":"niya-591x591.jpg","Fm9CMZpQD3cOmkKrER4zhg==":"tatyana-625x625.jpg","JekDmOmfHYmE6fF95l3Rdg==":"helpapaw-logo-1.png","Vb7GgbMoe0curpGYBParsg==":"background3.jpg","n1dx+NZv3qks526xC0hZ5Q==":"background13.jpg","zRkiiAl2DA9vjvjF/jNoKQ==":"install_link_qr-512x512.jpg","JAKtT2O+jnwfaFUQrc9jlQ==":"install_link_qr-512x512.jpeg","KdYzrLv0BnhJMSQONiCdWw==":"install_link_qr-1-512x512.jpeg","jCnXj9HksoiKghMb2WbYkQ==":"helpapaw-logo-1024x1024.png"}